-,Cond,Comm,Joint List,Balad-Ra'am,Hadash-Ta'al,Ta'al,Ra'am,Labor-Meretz,Democratic Union,Meretz,Barak,Labor,Huldai,Livni,Levy,Kachol Lavan,Yesh Atid,Gantz,Yisrael Beitenu,Sa'ar,Yamina,New Right,United Right List,Otzma,Shas,UTJ,Likud,Kahlon,Zehut,NEP,,,
2015-03-17,,,13,,,,,,,5,,24,,,,,11,,6,,8,,,,7,6,30,10,,,,,
2015-11-30,,,13,,,,,,,5,,20,,,,,15,,8,,9,,,,8,6,31,5,,,,,
2016-01-01,,,13,,,,,,,6,,18,,,,,18,,8,,12,,,,6,7,25,7,,,,,
2016-01-21,,,14,,,,,,,4,,15,,,,,16,,10,,13,,,,7,7,27,7,,,,,
2016-01-28,,,12,,,,,,,7,,16,,,,,20,,8,,13,,,,6,6,23,9,,,,,
2016-01-28,,,13,,,,,,,5,,18,,,,,18,,9,,9,,,,8,6,30,4,,,,,
2016-02-19,,,12,,,,,,,6,,15,,,,,18,,10,,12,,,,7,7,27,6,,,,,
2016-02-26,,,13,,,,,,,6,,19,,,,,18,,7,,11,,,,6,6,27,7,,,,,
2016-03-05,,,13,,,,,,,5,,18,,,,,19,,8,,11,,,,6,7,26,7,,,,,
2016-03-09,,,13,,,,,,,6,,15,,,,,21,,8,,12,,,,7,7,25,6,,,,,
2016-03-18,,,12,,,,,,,6,,15,,,,,21,,9,,12,,,,6,7,26,6,,,,,
2016-03-24,,,13,,,,,,,5,,15,,,,,20,,7,,12,,,,7,7,27,7,,,,,
2016-03-25,,,12,,,,,,,6,,17,,,,,19,,8,,11,,,,7,7,26,7,,,,,
2016-05-16,,,14,,,,,,,6,,13,,,,,20,,9,,12,,,,6,6,25,9,,,,,
2016-05-16,,,13,,,,,,,6,,17,,,,,18,,9,,10,,,,6,7,27,7,,,,,
2016-05-17,,,11,,,,,,,7,,13,,,,,18,,11,,14,,,,7,7,26,6,,,,,
2016-05-17,,,13,,,,,,,8,,11,,,,,24,,9,,8,,,,4,10,27,6,,,,,
2016-05-27,,,13,,,,,,,6,,15,,,,,19,,8,,10,,,,7,8,28,6,,,,,
2016-05-29,,,13,,,,,,,8,,8,,,,,21,,8,,14,,,,4,10,27,7,,,,,
2016-06-02,,,13,,,,,,,6,,15,,,,,19,,8,,11,,,,6,8,27,7,,,,,
2016-06-27,,,13,,,,,,,6,,10,,,,,20,,10,,13,,,,8,7,26,7,,,,,
2016-07-01,,,13,,,,,,,6,,13,,,,,20,,9,,12,,,,7,8,26,6,,,,,
2016-07-22,,,13,,,,,,,9,,10,,,,,20,,6,,16,,,,4,12,21,9,,,,,
2016-08-07,,,13,,,,,,,5,,8,,,,,22,,7,,16,,,,7,11,25,6,,,,,
2016-08-11,,,13,,,,,,,6,,10,,,,,21,,9,,13,,,,8,7,27,6,,,,,
2016-08-31,,,13,,,,,,,6,,12,,,,,20,,9,,12,,,,7,7,27,7,,,,,
2016-09-06,,,13,,,,,,,5,,13,,,,,24,,10,,14,,,,6,7,22,6,,,,,
2016-09-09,,,13,,,,,,,7,,11,,,,,27,,9,,11,,,,9,4,23,6,,,,,
2016-09-26,,,13,,,,,,,6,,12,,,,,25,,9,,13,,,,8,7,21,6,,,,,
2016-10-02,,,13,,,,,,,5,,10,,,,,27,,9,,14,,,,7,7,22,6,,,,,
2016-11-04,,,13,,,,,,,6,,13,,,,,21,,8,,12,,,,7,7,26,7,,,,,
2016-12-03,,,13,,,,,,,7,,10,,,,,25,,8,,11,,,,7,7,25,7,,,,,
2016-12-30,,,12,,,,,,,6,,8,,,,,27,,10,,12,,,,8,7,23,7,,,,,
2017-01-05,,,12,,,,,,,6,,13,,,,,26,,9,,14,,,,7,6,22,5,,,,,
2017-01-09,,,13,,,,,,,7,,13,,,,,27,,7,,9,,,,6,10,22,6,,,,,
2017-01-12,,,12,,,,,,,6,,9,,,,,27,,9,,13,,,,7,7,24,6,,,,,
2017-01-17,,,13,,,,,,,6,,11,,,,,26,,7,,12,,,,7,7,24,7,,,,,
2017-01-18,,,13,,,,,,,7,,9,,,,,26,,7,,13,,,,7,7,23,7,,,,,
2017-03-08,,,13,,,,,,,6,,12,,,,,22,,7,,13,,,,7,7,26,7,,,,,
2017-03-17,,,13,,,,,,,7,,10,,,,,25,,7,,13,,,,6,7,26,6,,,,,
2017-03-24,,,13,,,,,,,5,,10,,,,,28,,6,,13,,,,6,7,25,7,,,,,
2017-03-29,,,12,,,,,,,6,,10,,,,,28,,7,,13,,,,6,7,24,7,,,,,
2017-04-04,,,12,,,,,,,7,,10,,,,,29,,6,,10,,,,6,7,27,6,,,,,
2017-04-22,,,13,,,,,,,6,,12,,,,,24,,6,,10,,,,7,7,28,7,,,,,
2017-04-27,,,13,,,,,,,6,,11,,,,,25,,7,,13,,,,6,9,25,7,,,,,
2017-05-26,,,13,,,,,,,8,,11,,,,,24,,8,,11,,,,4,9,26,6,,,,,
2017-05-26,,,13,,,,,,,6,,12,,,,,22,,7,,9,,,,7,7,30,7,,,,,
2017-07-05,,,13,,,,,,,6,,14,,,,,21,,7,,9,,,,5,6,28,11,,,,,
2017-07-05,,,13,,,,,,,5,,18,,,,,23,,5,,11,,,,7,7,22,9,,,,,
2017-07-07,,,12,,,,,,,7,,16,,,,,21,,6,,12,,,,6,7,25,8,,,,,
2017-07-11,,,8,,,,,,,5,,24,,,,,16,,7,,14,,,,5,6,29,6,,,,,
2017-07-11,,,13,,,,,,,5,,20,,,,,18,,6,,13,,,,5,7,25,8,,,,,
2017-07-12,,,12,,,,,,,5,,19,,,,,21,,6,,12,,,,5,8,25,7,,,,,
2017-07-12,,,11,,,,,,,5,,19,,,,,21,,4,,10,,,,4,9,29,8,,,,,
2017-07-21,,,11,,,,,,,5,,19,,,,,22,,5,,13,,,,5,7,24,9,,,,,
2017-07-24,,,10,,,,,,,5,,18,,,,,17,,9,,9,,,,5,9,32,6,,,,,
2017-07-27,,,10,,,,,,,5,,20,,,,,17,,7,,13,,,,6,7,28,7,,,,,
2017-08-04,,,13,,,,,,,5,,16,,,,,20,,5,,12,,,,4,6,30,9,,,,,
2017-08-06,,,11,,,,,,,5,,22,,,,,18,,8,,9,,,,6,7,27,7,,,,,
2017-08-08,,,12,,,,,,,5,,20,,,,,19,,7,,10,,,,5,7,27,8,,,,,
2017-08-11,,,11,,,,,,,6,,16,,,,,21,,7,,12,,,,5,8,25,9,,,,,
2017-10-29,,,12,,,,,,,7,,20,,,,,21,,6,,10,,,,0,6,26,7,,,,,
2017-11-01,,,12,,,,,,,5,,21,,,,,20,,6,,12,,,,4,8,24,8,,,,,
2017-11-01,,,12,,,,,,,8,,19,,,,,22,,5,,11,,,,4,6,26,7,,,,,
2017-11-19,,,11,,,,,,,7,,19,,,,,21,,7,,10,,,,3,8,27,7,,,,,
2017-11-26,,,12,,,,,,,7,,17,,,,,24,,5,,12,,,,4,7,24,9,,,,,
2017-11-29,,,11,,,,,,,6,,17,,,,,25,,5,,12,,,,4,8,25,7,,,,,
2017-12-04,,,12,,,,,,,7,,18,,,,,22,,7,,12,,,,5,7,24,6,,,,,
2017-12-19,,,9,,,,,,,5,,14,,,,,27,,5,,20,,,,0,9,24,7,,,,,
2017-12-27,,,11,,,,,,,7,,12,,,,,25,,5,,14,,,,4,7,24,11,,,,,
2018-01-01,,,9,,,,,,,6,,13,,,,,26,,4,,12,,,,4,7,31,8,,,,,
2018-01-11,,,12,,,,,,,5,,16,,,,,24,,7,,11,,,,6,7,25,7,,,,,
2018-01-12,,,11,,,,,,,7,,14,,,,,27,,5,,13,,,,4,8,22,9,,,,,
2018-01-21,,,11,,,,,,,7,,15,,,,,25,,5,,13,,,,4,8,24,8,,,,,
2018-02-14,,,12,,,,,,,7,,15,,,,,22,,6,,11,,,,5,7,26,9,,,,,
2018-02-14,,,11,,,,,,,7,,16,,,,,25,,6,,11,,,,5,7,27,5,,,,,
2018-02-14,,,12,,,,,,,6,,15,,,,,22,,7,,11,,,,5,7,28,7,,,,,
2018-02-21,,,12,,,,,,,7,,15,,,,,23,,7,,10,,,,5,6,27,8,,,,,
2018-02-21,,,12,,,,,,,6,,12,,,,,20,,6,,14,,,,,9,34,7,,,,,
2018-02-22,,,12,,,,,,,6,,6,,,,,24,,7,,9,,,,5,7,28,7,,,,,
2018-03-01,,,10,,,,,,,8,,13,,,,,23,,6,,11,,,,4,8,29,8,,,,,
2018-03-05,,,12,,,,,,,8,,12,,,,,24,,7,,10,,,,5,6,29,7,,,,,
2018-03-08,,,10,,,,,,,8,,11,,,,,24,,7,,11,,,,4,8,30,7,,,,,
2018-03-12,,,12,,,,,,,7,,13,,,,,21,,4,,11,,,,4,7,30,6,,,,,
2018-03-12,,,13,,,,,,,9,,11,,,,,24,,6,,11,,,,5,6,29,6,,,,,
2018-03-16,,,10,,,,,,,7,,10,,,,,20,,5,,8,,,,0,9,39,5,,,,,
2018-03-29,,,12,,,,,,,7,,13,,,5,,19,,5,,10,,,,5,7,30,7,,,,,
2018-04-03,,,13,,,,,,,7,,12,,,4,,21,,5,,10,,,,4,5,32,7,,,,,
2018-04-16,,,11,,,,,,,7,,10,,,5,,20,,5,,12,,,,5,7,29,9,,,,,
2018-04-23,,,12,,,,,,,6,,14,,,8,,20,,5,,10,,,,4,7,28,6,,,,,
2018-04-29,,,12,,,,,,,7,,11,,,4,,19,,6,,12,,,,5,8,29,7,,,,,
2018-05-01,,,12,,,,,,,7,,12,,,4,,19,,6,,10,,,,4,7,32,7,,,,,
2018-05-09,,,12,,,,,,,5,,14,,,5,,18,,6,,8,,,,4,7,35,6,,,,,
2018-05-09,,,12,,,,,,,,,10,,,,,18,,,,8,,,,5,9,42,,,,,,
2018-05-11,,,12,,,,,,,6,,10,,,6,,17,,6,,9,,,,4,7,36,7,,,,,
2018-06-01,,,12,,,,,,,6,,11,,,5,,17,,8,,9,,,,5,6,34,7,,,,,
2018-06-03,,,12,,,,,,,6,,10,,,6,,16,,6,,11,,,,5,8,34,6,,,,,
2018-06-08,,,12,,,,,,,7,,13,,,5,,18,,6,,11,,,,5,6,31,6,,,,,
2018-06-25,,,12,,,,,,,5,,15,,,5,,18,,6,,7,,,,6,7,32,7,,,,,
2018-07-08,,,12,,,,,,,7,,11,,,5,,17,,5,,10,,,,4,8,35,6,,,,,
2018-07-11,,,11,,,,,,,7,,11,,,6,,18,,6,,9,,,,4,8,33,7,,,,,
2018-07-12,,,11,,,,,,,5,,11,,,6,,20,,6,,10,,,,4,7,33,7,,,,,
2018-07-24,,,12,,,,,,,5,,15,,,5,,19,,7,,8,,,,5,7,30,7,,,,,
2018-07-30,,,11,,,,,,,5,,12,,,6,,19,,6,,10,,,,4,8,33,6,,,,,
2018-08-21,,,11,,,,,,,5,,12,,,5,,20,,6,,11,,,,4,7,33,6,,,,,
2018-09-05,,,11,,,,,,,5,,11,,,5,,18,,6,,11,,,,4,7,36,6,,,,,
2018-10-07,,,12,,,,,,,6,,12,,,6,,18,,5,,10,,,,5,7,32,7,,,,,
2018-10-11,,,13,,,,,,,7,,11,,,6,,15,,6,,12,,,,5,8,31,6,,,,,
2018-10-25,,,14,,,,,,,8,,12,,,5,,19,,5,,10,,,,4,6,30,7,,,,,
2018-11-15,,,12,,,,,,,6,,11,,,5,,18,,7,,11,,,,6,7,29,8,,,,,
2018-11-15,,,12,,,,,,,6,,11,,,6,,16,,8,,11,,,,5,8,29,8,,,,,
2018-11-16,,,11,,,,,,,6,,11,,,6,,17,,7,,12,,,,5,8,30,7,,,,,
2018-11-17,,,12,,,,,,,5,,12,,,6,,18,,6,,10,,,,7,6,30,8,,,,,
2018-11-19,,,14,,,,,,,7,,14,,,7,,17,,8,,9,,,,4,6,29,5,,,,,
2018-11-20,,,12,,,,,,,4,,12,,,6,,18,,8,,9,,,,6,7,30,8,,,,,
2018-11-21,,,13,,,,,,,6,,12,,,5,,17,,6,,13,,,,4,8,30,6,,,,,
2018-12-16,,,12,,,,,,,4,,10,,,5,,13,16,6,,9,,,,5,7,28,5,,,,,
2018-12-25,Panels,Maariv,11,,,,,,,6,,9,,,6,,12,13,5,,11,,,,4,7,30,6,0,,,,
2018-12-25,Panels,Walla,11,,,,,,,6,,9,,,5,,12,14,5,,11,,,,4,7,31,5,0,,,,
2018-12-25,Midgam,Ch13,12,,,,,,,5,,11,,,4,,11,16,6,,9,,,,5,7,29,5,0,,,,
2018-12-27,Panels,Ch12,11,,,,,,,5,,9,,,5,,15,13,4,,11,,,,4,7,31,5,0,,,,
2018-12-27,Maagar,HaYom,12,,,,,,,5,,7,,,6,,11,15,4,,11,,,,4,7,31,5,0,,,,
2018-12-30,Direct,Makor Rishon,12,,,,,,,5,,9,,,4,,10,15,5,,,14,5,,5,7,25,4,0,,,,
2018-12-30,Panels,Walla,13,,,,,,,6,,9,,,4,,15,11,4,,,10,4,,4,7,28,5,0,,,,
2018-12-30,Midgam,Ch13,12,,,,,,,6,,9,,,5,,12,14,5,,,6,4,,6,7,28,6,0,,,,
2018-12-30,PaPrMid,Ch10,13,,,,,,,5,,8,,,5,,11,14,5,,,8,3,,5,7,30,6,0,,,,
2018-12-30,??,??,12,,,,,,,6,,9,,,5,,16,13,3,,,14,3,,4,7,27,7,0,,,,
2019-01-02,Midgam,Ch13,12,,,,,,,5,,8,,5,5,,10,12,5,,,6,4,,5,7,31,5,0.5,,,,
2019-01-02,TNS,Ch11,12,,,,,,,6,,7,,2.4,6,,13,14,5,,,9,2.4,,6,7,28,7,0.2,,,,
2019-01-03,Maagar,HaYom,9,,,,,,,6,,7,,4,5,,13,13,4,,,8,4,,3,6,28,6,2,,,,
2019-01-03,Smith,JPost,12,,,,,,,6,,9,,2,5,,11,14,5,,,9,2,,6,7,30,6,,,,,
2019-01-04,Direct,Makor Rishon,12,,,,,,,5,,10,,2,4,,17,12,4,,,10,5,,5,6,26,4,,,,,
2019-01-04,Panels,Walla,13,,,,,,,5,,8,,3.2,4,,12,12,4,,,11,4,,5,7,30,5,,,,,
2019-01-04,Maagar,103FM,10,,,,,,,6,,7,,4,5,,13,12,5,,,8,2,,4,7,29,6,1,,,,
2019-01-08,Panels,Walla,12,,,,,,,5,,8,,3.5,4,,13,12,4,,,8,5,,5,7,32,5,1,,,,
2019-01-16,TNS,Ch11,12,,,,,,,5,,7,,4,6,,10,13,4,,,7,4,,5,6,31,6,0.5,,,,
2019-01-16,Midgam,Ch12,6,,,6,,,,5,,9,,,4,,14,13,6,,,8,0,,6,7,32,4,,,,,
2019-01-17,Panels,Walla,10,,,,,,,5,,8,,2,4,,15,12,4,,,9,4,,4,7,33,5,1,,,,
2019-01-17,Teleseker,Saloona,6,,,6,,,,5,,8,,2.4,5,,13,15,4,,,9,4,,5,7,28,5,1.2,,,,
2019-01-22,Midgam,Army Radio,6,,,6,,,,5,,9,,2,5,,13,13,5,,,7,4,,6,7,29,5,1,,,,
2019-01-23,Direct,Reshet Bet,6,,,6,,,,6,,9,,2,4,,11,15,5,,,8,4,,5,6,31,4,1,,,,
2019-01-30,Panels,Walla,7,,,5,,,,5,,7,,1.7,4,,12,19,5,,,7,4,,4,7,29,5,1.7,,,,
2019-01-30,PaPrMid,Ch13,6,,,8,,,,4,,6,,2,4,,9,24,4,,,6,4,,5,6,30,4,1,,,,
2019-01-30,Midgam,Ch12,6,,,6,,,,4,,6,,1,4,,11,21,4,,,7,4,,5,7,30,5,2.5,,,,
2019-01-30,Direct,Ch11,6,,,6,,,,6,,8,,2,3,,9,23,5,,,8,4,,4,6,31,4,1,,,,
2019-02-01,Maagar,HaYom,9,,,3,,,,4,,5,,1,4,,9,19,3,,,7,3,,4,7,28,5,4,,,,
2019-02-01,Panels,Maariv,5,,,6,,,,5,,6,,0.7,4,,12,20,5,,,6,4,,4,7,31,5,2.2,,,,
2019-02-04,Dialog,Haaretz,7,,,5,,,,4,,5,,2.9,4,,9,22,5,,,7,6,,5,6,30,5,1,,,,
2019-02-06,Direct,Ch11,6,,,7,,,,4,,6,,2,3,,11,22,5,,,7,5,,5,6,32,4,1,,,,
2019-02-06,Smith,Ch20,6,,,6,,,,6,,5,,1.2,4,,12,22,5,,,8,3,,5,6,30,5,2,,,,
2019-02-07,PaPrMid,Ch13,7,,,6,,,,4,,5,,2.3,1.4,,10,24,4,,,9,5,,5,5,32,4,1,,,,
2019-02-07,Panels,Walla,7,,,6,,,,5,,5,,1.9,3.4,,13,22,3.5,,,6,6,,4,7,34,5,2,,,,
2019-02-08,Direct,Makor Rishon,5,,,7,,,,5,,7,,1,3,,11,23,5,,,8,4,,6,7,32,3,1,,,,
2019-02-08,Maagar,HaYom,11,,,3,,,,7,,5,,1,5,,14,21,3,,,7,2,,6,8,36,3,2,,,,
2019-02-09,Midgam,Ch12,5,,,7,,,,5,,7,,1,3.2,,11,22,5,,,8,3,,6,7,32,5,2.5,,,,
2019-02-09,Miskar,--,5,,,7,,,,3,,3,,1,3,,12,28,3,,,10,8,,3,8,42,3,1,,,,
2019-02-12,PaPrMid,Ch13,6,,,7,,,,5,,8,,1.4,2.6,,11,21,4,,,8,2.2,,6,7,32,5,1,,,,
2019-02-12,Midgam,Labor,5,,,7,,,,5,,9,,1.2,4,,11,19,4,,,7,0,,6,7,30,6,1,,,,
2019-02-14,Maagar,HaYom,9,,,5,,,,7,,8,,1,4,,12,19,3,,,6,1,,4,9,32,3,5,,,,
2019-02-14,Direct,Ch11,6,,,6,,,,4,,11,,2.2,2.8,,11,20,6,,,10,3,,5,7,30,4,2.5,,,,
2019-02-17,Midgam,Ch12,5,,,7,,,,5,,10,,2.2,2.4,,12,18,4,,,7,4,,6,7,30,5,1,,,,
2019-02-17,Direct,Ch11,6,,,6,,,,5,,10,,0.6,1.9,,10,20,5,,,8,5,,5,6,30,4,2.3,,,,
2019-02-20,Panels,Walla,5,,,6,,,,5,,9,,,4,,13,19,3.5,,,8,5,,4,7,31,4,2,,,,
2019-02-21,PaPrMid,Ch13,,4,10,,,,,4,,5,,,,36,,,5,,,5,8,,6,7,26,4,,,,,
2019-02-21,Midgam,Ch12,6,,,6,,,,4,,8,,,3.7,36,,,4,,,6,4,,5,7,30,4,2.4,,,,
2019-02-21,Direct,Ch11,,2.5,11,,,,,4,,8,,,2.9,35,,,5,,,7,6,,6,6,32,2.3,2.5,,,,
2019-02-21,Direct,Makor Rishon,,1.5,11,,,,,4,,7,,,2.5,35,,,5,,,8,6,,5,7,32,2.9,2,,,,
2019-02-21,Midgam,Yediot Ahronoth,,6,6,,,,,4,,8,,,3.2,36,,,4,,,6,5,,5,6,30,4,2.9,,,,
2019-02-21,Panels,Maariv,,5,6,,,,,4,,7,,,2.9,35,,,4,,,8,6,,5,7,29,4,3.4,,,,
2019-02-22,Maagar,103FM,,8,6,,,,,5,,6,,,,34,,,4,,,6,7,,4,6,27,4,,,,,
2019-02-24,Midgam,Yediot Ahronoth,,5,7,,,,,4,,9,,,3.6,35,,,4,,,6,5,,5,7,29,4,3.7,,,,
2019-02-24,Maagar,HaYom,,2.4,7,,,,,7,,8,,,2.4,36,,,3.6,,,9,8,,7,7,31,2.4,2.4,,,,
2019-02-27,Number 10,Times,,4,7,,,,,4,,8,,,,36,,,4,,,8,5,,4,7,29,4,,,,,
2019-02-28,Maagar,HaYom,,1.2,7,,,,,6,,7,,,2.4,38,,,2.4,,,8,9,,6,6,29,4,3.6,,,,
2019-03-01,Maariv,103FM,,,7,,,,,6,,7,,,,37,,,,,,8,10,,6,6,25,5,,,,,
2019-03-01,Panels,Maariv,,2.3,11,,,,,5,,6,,,3.6,35,,,4,,,6,7,,5,7,29,5,3.5,,,,
2019-03-01,PaPrMid,Ch13,,4,9,,,,,6,,6,,,2.8,36,,,2.8,,,5,7,,6,7,30,4,1.9,,,,
2019-03-01,Direct,Ch11,,5,7,,,,,6,,6,,,3.6,37,,,2.4,,,7,5,,6,7,29,5,3.6,,,,
2019-03-03,Panels,Ch12,,2.6,9,,,,,6,,8,,,3.4,38,,,2.5,,,6,7,,4,7,30,5,3.5,,,,
2019-03-05,Panels,Walla,,1.9,9,,,,,6,,8,,,3.2,36,,,3.4,,,6,7,,4,7,31,6,3.1,,,,
2019-03-05,Midgam,Ch12,,4,8,,,,,4,,9,,,2.6,36,,,3.2,,,5,6,,6,7,30,5,2.4,,,,
2019-03-05,Smith,Ch20,,4,9,,,,,5,,7,,,4.0,31,,,4,,,6,6,,5,6,29,4,3.6,,,,
2019-03-06,Teleseker,Ch12,,4,8,,,,,5,,7,,,2.4,35,,,2.4,,,5,5,,5,7,30,5,4,,,,
2019-03-07,Dialog,Haaretz,,4,8,,,,,4,,10,,,2.2,31,,,2.4,,,7,8,,5,7,28,4,4,,,,
2019-03-08,Maagar,HaYom,,2.4,9,,,,,8,,8,,,2.4,33,,,1.2,,,8,8,,4,8,26,4,4,,,,
2019-03-10,Midgam,Yediot Ahronoth,,4,7,,,,,5,,10,,,2.4,33,,,4,,,5,6,,6,7,29,4,3.7,,,,
2019-03-11,PaPrMid,Ch13,,5,7,,,,,6,,7,,,2.8,31,,,4,,,6,7,,5,6,28,4,4,,,,
2019-03-13,Midgam,Ch12,,4,7,,,,,4,,10,,,2.8,31,,,4,,,4,7,,6,7,28,4,4,,,,
2019-03-13,Direct,Makor Rishon,,3.1,9,,,,,6,,10,,,2.0,32,,,3.5,,,7,7,,6,7,32,3.2,4,,,,
2019-03-15,Maagar,HaYom,,2.4,6,,,,,8,,7,,,2.4,33,,,5,,,6,7,,5,7,26,5,5,,,,
2019-03-17,Direct,Ch11,,4,8,,,,,6,,9,,,1.3,30,,,4,,,6,6,,6,6,31,2.5,4,,,,
2019-03-19,Panels,Walla,,3,9,,,,,6,,8,,,3.5,29,,,4,,,6,7,,4,6,32,4,4,,,,
2019-03-20,Midgam,Ch12,,4,8,,,,,4,,10,,,1.9,32,,,4,,,6,5,,5,7,27,4,4,,,,
2019-03-20,PaPrMid,Ch13,,4,7,,,,,5,,9,,,2.8,31,,,3,,,6,7,,5,7,29,5,5,,,,
2019-03-22,Maagar,HaYom,,4,5,,,,,6,,9,,,4.0,30,,,4,,,5,7,,4,6,26,4,6,,,,
2019-03-22,Panels,Maariv,,3,9,,,,,6,,9,,,2.0,30,,,5,,,5,6,,4,7,31,4,4,,,,
2019-03-22,Smith,JPost,,4,8,,,,,5,,8,,,3.4,30,,,4,,,6,6,,6,7,27,5,4,,,,
2019-03-24,Midgam,Ch12,,4,7,,,,,4,,10,,,4.0,32,,,4,,,5,5,,6,7,28,3.1,4,,,,
2019-03-24,PaPrMid,Ch13,,4,7,,,,,5,,10,,,1.9,31,,,2.9,,,5,8,,5,6,28,5,6,,,,
2019-03-27,Teleseker,Reshet Bet,,5,7,,,,,5,,8,,,3.1,30,,,2.5,,,7,5,,6,7,28,6,6,,,,
2019-03-27,Midgam,Army Radio,,1.9,8,,,,,5,,10,,,4.0,30,,,4,,,5,5,,6,7,28,4,4,,,,
2019-03-27,Panels,Walla,,2.3,8,,,,,5,,9,,,3.1,30,,,4,,,6,7,,4,7,31,4,5,,,,
2019-03-28,PaPrMid,Ch13,,4,7,,,,,5,,10,,,2.8,30,,,2.6,,,5,7,,4,7,30,4,7,,,,
2019-03-29,Midgam,Yediot Ahronoth,,4,7,,,,,5,,9,,,3.2,31,,,4,,,6,5,,5,7,29,5,5,,,,
2019-03-29,Direct,Makor Rishon,,4,8,,,,,6,,9,,,1.8,29,,,2.7,,,7,7,,6,6,30,4,4,,,,
2019-03-29,Smith,Maariv,,4,7,,,,,5,,8,,,3.6,30,,,4,,,7,6,,6,6,29,4,4,,,,
2019-03-29,Maagar,HaYom,,2.4,6,,,,,6,,8,,,1.2,32,,,5,,,6,6,,6,6,28,5,6,,,,
2019-03-29,Maagar,103FM,,3,7,,,,,5,,8,,,2.0,31,,,4,,,6,7,,6,7,29,5,5,,,,
2019-03-31,Midgam,Ch12,,4,7,,,,,5,,8,,,1.9,32,,,4,,,5,5,,6,6,28,5,5,,,,
2019-04-01,Panels,Ch12,,2.5,9,,,,,6,,9,,,2.6,30,,,4,,,6,5,,5,6,31,4,5,,,,
2019-04-02,PaPrMid,Ch13,,5,6,,,,,5,,14,,,3.5,28,,,2.6,,,5,7,,5,6,29,4,6,,,,
2019-04-03,Panels,Walla,,4,8,,,,,6,,10,,,2.5,30,,,4,,,6,7,,5,6,29,3.5,5,,,,
2019-04-03,Dialog,Haaretz,,4,7,,,,,5,,10,,,3.4,27,,,4,,,5,7,,5,6,30,5,5,,,,
2019-04-04,Teleseker,Ch11,,4,8,,,,,6,,8,,,3.5,30,,,2.9,,,6,6,,4,6,31,5,6,,,,
2019-04-04,Midgam,Ch12,,4,7,,,,,5,,10,,,3.1,30,,,5,,,6,5,,5,7,26,5,5,,,,
2019-04-05,Maagar,HaYom,,3,6,,,,,8,,10,,,3.0,32,,,3,,,6,6,,5,8,27,6,6,,,,
2019-04-05,Midgam,Yediot Ahronoth,,4,7,,,,,5,,11,,,3.0,30,,,4,,,6,5,,5,7,26,5,5,,,,
2019-04-05,Smith,JPost,,4,6,,,,,5,,9,,,4.0,28,,,5,,,5,6,,6,6,27,5,4,,,,
2019-04-05,Maagar,103FM,,3,7,,,,,7,,9,,,3.0,31,,,3,,,6,7,,6,7,28,6,6,,,,
2019-04-05,Smith,Maariv,,4,7,,,,,5,,9,,,3.1,29,,,4,,,6,6,,6,7,27,5,5,,,,
2019-04-05,PaPrMid,Ch13,,4,6,,,,,5,,11,,,3.4,28,,,4,,,6,7,,5,6,28,4,6,,,,
2019-04-09,--,--,,4,6,,,,,4,,6,,,,35,,,5,,,0,5,,8,8,35,4,0,,,,
2019-05-27,Panels,Maariv,,3,7,,,,,5,,6,,,,34,,,6,,,5,6,,8,8,35,,3,,,,
2019-05-28,Direct,Makor Rishon,,2.8,7,,,,,5,,7,,,,33,,,9,,,5,5,,7,8,34,2,1.7,,,,
2019-05-30,Direct,Ch11,,4,6,,,,,5,,5,,,,34,,,8,,,4,4,,7,8,35,,3.7,,,,
2019-05-30,PaPrMid,Ch13,,4,7,,,,,6,,4,,,,33,,,9,,,3,7,,7,7,36,,3,,,,
2019-05-31,Panels,Maariv,,4,5,,,,,6,,2.3,,,,33,,,9,,,5,6,,7,8,37,,1.7,,,,
2019-06-03,Maagar,HaYom,,5,6,,,,,4,,4,,,,34,,,8,,,5,4,,7,7,36,,2.4,,,,
2019-06-07,Panels,Maariv,,2.8,7,,,,,5,,4,,,,33,,,7,,,6,6,,7,8,37,,2,,,,
2019-06-14,Maagar,103FM,,4,6,,,,,5,,4,,,,33,,,8,,,5,5,,7,8,35,,3,,,,
2019-06-21,Maagar,103FM,10,,,,,,,5,,4,,,,33,,,8,,,4,6,,8,8,34,,2,,,,
2019-06-27,PaPrMid,Ch13,12,,,,,,,6,6,5,,,,32,,,7,,,4,4,,6,6,32,,3,,,,
2019-07-03,Midgam,Ch12,12,,,,,,,4,3.6,8,,,,31,,,9,,,5,5,,7,7,32,,2.5,,,,
2019-07-03,PaPrMid,Ch13,9,,,,,,,4,6,7,,,,29,,,8,,,5,4,,7,6,31,,4,,,,
2019-07-05,Maagar,HaYom,9,,,,,,,6,4,8,,,,30,,,7,,,4,8,,6,7,31,,1.5,,,,
2019-07-09,Kantar,Ch11,9,,,,,,,6,5,7,,,,30,,,9,,,5,4,,7,8,30,,,,,,
2019-07-11,Midgam,Walla,11,,,,,,,5,4,6,,,,30,,,9,,,5,5,,7,8,30,,3.2,,,,
2019-07-12,Smith,103FM,10,,,,,,,5,4,5,,,,30,,,8,,,6,4,,8,7,33,,3,,,,
2019-07-16,Midgam,Ch12,11,,,,,,,4,4,6,,,,30,,,10,,,5,4,,7,8,31,,2,,,,
2019-07-17,Dialog,Arutz7,11,,,,,,,7,4,8,,,,28,,,8,,,4,4,,8,7,31,,1.2,,,,
2019-07-19,Direct,Makor Rishon,11,,,,,,,5,5,6,,,,29,,,8,,,5,4,,7,8,32,,1.2,,,,
2019-07-19,Smith,Maariv,10,,,,,,,5,4,6,,,,29,,,9,,,5,4,,8,7,32,,2,,,,
2019-07-21,Kantar,Ch11,10,,,,,,,5,3.4,8,,,,30,,,10,,,8,4,,7,8,30,,1.4,,,,
2019-07-21,Midgam,Ch12,11,,,,,,,4,4,7,,,,29,,,9,,,6,5,,7,8,30,,2.2,,,,
2019-07-25,Midgam,Walla,12,,,,,,,5,2.8,8,,,,29,,,10,,,8,4,,7,8,29,,2.3,,,,
2019-07-25,Maagar,HaYom,12,,,,,,9,,,5,,,,30,,,7,,,6,6,,7,7,31,,2,,,,
2019-07-25,Kantar,Ch11,10,,,,,,8,,,5,,,,30,,,9,,,9,4,,7,8,30,,2.9,,,,
2019-07-25,Midgam,Ch12,11,,,,,,10,,,5,,,,27,,,10,,,9,4,,7,8,29,,2.3,,,,
2019-07-25,PaPrMid,Ch13,11,,,,,,12,,,7,,,,23,,,10,,,10,4,,5,6,28,,4,,,,
2019-07-26,Smith,103FM,11,,,,,,9,,,6,,,,28,,,9,,,7,5,,8,7,30,,2,,,,
2019-07-30,Midgam,Ch12,11,,,,,,7,,,5,,,,30,,,10,,12,,,,7,8,30,,2,,,,
2019-08-01,PaPrMid,Ch13,11,,,,,,9,,,6,,,,29,,,11,,11,,,,6,7,30,,2,,,,
2019-08-01,Maagar,HaYom,12,,,,,,9,,,6,,,,28,,,10,,11,,,,7,7,30,,2.4,,,,
2019-08-02,Smith,103FM,11,,,,,,8,,,5,,,,29,,,10,,11,,,,8,7,31,,1.4,,,,
2019-08-03,Midgam,Ch12,11,,,,,,7,,,6,,,,29,,,10,,12,,,,7,8,30,,2.6,,,,
2019-08-04,Teleseker,Reshet Bet,11,,,,,,8,,,6,,,,30,,,11,,11,,,,7,7,29,,2.3,,,,
2019-08-05,Midgam,Walla,11,,,,,,7,,,6,,,,29,,,10,,11,,,,7,8,31,,2.3,,,,
2019-08-06,Direct,Ch13,11,,,,,,8,,,7,,,,29,,,10,,11,,,,7,7,30,,2.6,,,,
2019-08-09,Smith,103FM,11,,,,,,8,,,5,,,,30,,,9,,10,,,,8,7,32,,2.2,,,,
2019-08-13,Midgam,Ch12,11,,,,,,7,,,7,,,,29,,,10,,11,,,3.2,7,8,30,,3.5,,,,
2019-08-15,PaPrMid,Ch13,9,,,,,,8,,,5,,,,31,,,11,,12,,,2.5,6,7,31,,1.7,,,,
2019-08-15,Smith,Maariv,11,,,,,,7,,,6,,,,30,,,10,,9,,,2,8,7,32,,2.8,,,,
2019-08-15,Direct,Makor Rishon,10,,,,,,7,,,7,,,,29,,,9,,11,,,2.8,8,8,31,,1.9,,,,
2019-08-21,Midgam,Walla,11,,,,,,7,,,6,,,,30,,,9,,11,,,2.4,7,8,31,,3.4,,,,
2019-08-23,Maagar,HaYom,12,,,,,,6,,,4,,,,31,,,10,,10,,,2.4,8,7,32,,2.4,,,,
2019-08-23,Smith,Maariv,11,,,,,,7,,,5,,,,30,,,10,,10,,,2.6,8,7,32,,1.7,,,,
2019-08-23,Midgam,Ch12,11,,,,,,7,,,6,,,,30,,,10,,11,,,2.3,7,8,30,,2.8,,,,
2019-08-26,Kantar,Ch11,11,,,,,,6,,,7,,,,31,,,9,,10,,,2.8,7,7,32,,2,,,,
2019-08-29,Midgam,Ch12,10,,,,,,7,,,7,,,,30,,,10,,10,,,2.3,7,8,31,,,,,,
2019-09-01,PaPrMid,Ch13,10,,,,,,7,,,6,,,,32,,,11,,10,,,3.4,6,7,31,,,,,,
2019-09-01,Teleseker,Ch11,11,,,,,,7,,,6,,,,31,,,9,,10,,,3.5,7,7,32,,,,,,
2019-09-03,Midgam,Walla,10,,,,,,7,,,7,,,,31,,,9,,9,,,3.2,7,8,32,,,,,,
2019-09-05,Panels,KnCh,10,,,,,,5,,,5,,,,31,,,9,,10,,,4,7,8,31,,,,,,
2019-09-05,Midgam,Ch12,10,,,,,,7,,,6,,,,32,,,9,,9,,,3,7,8,32,,,,,,
2019-09-05,PaPrMid,Ch13,10,,,,,,6,,,5,,,,32,,,11,,10,,,3.3,6,8,32,,,,,,
2019-09-05,Smith,Maariv,9,,,,,,7,,,6,,,,32,,,10,,9,,,3,8,7,32,,,,,,
2019-09-06,Maagar,HaYom,11,,,,,,4,,,6,,,,30,,,11,,8,,,4,8,7,31,,,,,,
2019-09-09,Midgam,Walla,9,,,,,,6,,,6,,,,33,,,8,,9,,,4,6,7,32,,,,,,
2019-09-09,Teleseker,Ch11,10,,,,,,6,,,5,,,,32,,,9,,9,,,4,7,7,31,,,,,,
2019-09-10,Midgam,Ch12,9,,,,,,6,,,6,,,,32,,,9,,9,,,4,7,7,31,,,,,,
2019-09-10,PaPrMid,Ch13,11,,,,,,6,,,5,,,,32,,,9,,9,,,4,6,7,31,,,,,,
2019-09-12,Panels,KnCh,10,,,,,,5,,,4,,,,32,,,9,,9,,,3.5,7,8,36,,,,,,
2019-09-12,Maagar,HaYom,12,,,,,,4,,,6,,,,31,,,9,,7,,,4,7,7,33,,,,,,
2019-09-12,Kantar,Ch11,11,,,,,,5,,,5,,,,33,,,7,,9,,,4,7,8,31,,,,,,
2019-09-12,Smith,103FM,12,,,,,,6,,,4,,,,32,,,9,,9,,,3.5,8,7,33,,,,,,
2019-09-13,Shvakim,Ynet,11,,,,,,5,,,4,,,,32,,,9,,7,,,4,7,8,33,,,,,,
2019-09-13,Midgam,Ch12,10,,,,,,6,,,5,,,,32,,,8,,8,,,4,7,8,32,,,,,,
2019-09-13,PaPrMid,Ch13,12,,,,,,5,,,4,,,,32,,,9,,9,,,4,6,7,32,,,,,,
2019-09-13,Smith,Maariv,12,,,,,,6,,,5,,,,32,,,8,,9,,,3.7,8,7,33,,,,,,
2019-09-17,--,--,13,,,,,,5,,,6,,,,33,,,8,,7,,,0,9,7,32,,,,,,
2019-09-30,Maagar,HaYom,11,,,,,,6,,,5,,,,32,,,11,,10,,,3,8,7,30,,,,,,
2019-09-30,Maariv,103FM,10,,,,,,7,,,5,,,,31,,,10,,10,,,3,8,7,32,,,,,,
2019-10-06,Midgam,Walla,13,,,,,,5,,,6,,,,33,,,7,,7,,,0,9,7,33,,,,,,
2019-10-22,PaPrMid,Ch13,13,,,,,,4,,,5,,,,34,,,8,,9,4,5,,7,7,33,,,,,,
2019-10-31,Maagar,103FM,12,,,,,,5,,,7,,,,34,,,8,,6,,,,9,6,33,,,,,,
2019-11-10,PaPrMid,Ch13,13,,,,,,4,,,5,,,,35,,,9,,8,4,4,,6,6,34,,,,,,
2019-11-15,Maagar,HaYom,13,,,,,,6,,,6,,,,33,,,9,,5,,,,10,7,31,,,,,,
2019-11-21,Kantar,Ch11,12,,,,,,5,,,5,,,,33,,,8,,9,5,4,,7,8,33,,,,,,
2019-11-21,Midgam,Ch12,13,,,,,,5,,,5,,,,33,,,9,,7,,,,8,7,33,,,,,,
2019-11-22,Maagar,HaYom,13,,,,,,6,,,4,,,,34,,,7,,7,,,2.4,8,8,33,,,,,,
2019-11-23,PaPrMid,Ch13,13,,,,,,4,,,4,,,,36,,,8,,10,6,4,,6,6,33,,,,,,
2019-11-25,Panels,Ch12,12,,,,,,4,,,5,,,,37,,,7,,,6,4,,8,7,30,,,,,,
2019-11-26,Midgam,Walla,13,,,,,,4,,,5,,,,34,,,8,,,7,2.8,1.4,9,7,33,,,,,,
2019-11-26,Midgam,Ch12,13,,,,,,4,,,5,,,,34,,,9,,,6,2.8,,8,8,33,,,,,,
2019-11-28,Maagar,Maariv,13,,,,,,4,,,4,,,,35,,,8,,,6,2.4,1.2,9,8,33,,,,,,
2019-11-29,Smith,Maariv,13,,,,,,5,,,5,,,,35,,,8,,,6,3,,8,7,33,,,,,,
2019-12-05,Maagar,Maariv,12,,,,,,4,,,4,,,,34,,,8,,,6,4,,8,8,32,,,,,,
2019-12-06,Midgam,Ch12,13,,,,,,5,,,5,,,,34,,,8,,,6,2.6,2.3,8,8,33,,,,,,
2019-12-09,Kantar,Kan,13,,,,,,4,,,5,,,,35,,,7,,,6,2.9,2.3,8,8,34,,,,,,
2019-12-10,Midgam,Walla,13,,,,,,4,,,5,,,,35,,,8,,,6,2.5,1.6,8,8,33,,,,,,
2019-12-10,PaPrMid,Ch13,13,,,,,,5,,,5,,,,37,,,8,,,6,,,6,7,33,,,,,,
2019-12-12,Midgam,Ch12,13,,,,,,5,,,5,,,,35,,,8,,,6,3.4,1.6,8,8,32,,,,,,
2019-12-12,Maagar,HaYom,14,,,,,,4,,,6,,,,37,,,8,,,5,2.4,1.2,8,7,31,,,,,,
2019-12-14,Smith,Maariv,12,,,,,,4,,,5,,,,35,,,7,,,5,4,,8,7,33,,,,,,
2019-12-15,Kantar,Ch11,13,,,,,,5,,,6,,,,35,,,8,,,6,,,9,7,31,,,,,,
2019-12-20,Smith,103FM,13,,,,,,4,,,5,,,,35,,,7,,,5,4,,8,7,32,,,,,,
2019-12-20,Panels,Makor Rishon,14,,,,,,2.5,,,5,,,,38,,,7,,,7,3.3,1.9,8,7,34,,,,,,
2019-12-29,Midgam,Ch12,13,,,,,,4,,,5,,,,34,,,8,,,5,4,,8,7,32,,,,,,
2020-01-01,Panels,Maariv,13,,,,,,3.5,,,5,,,,36,,,8,,,6,7,,8,7,30,,,,,,
2020-01-02,Kantar,Ch11,13,,,,,,5,,,6,,,,35,,,7,,,6,3.6,,7,8,33,,,,,,
2020-01-02,Midgam,Ch12,13,,,,,,4,,,5,,,,34,,,7,,,6,4,,8,7,32,,,,,,
2020-01-02,PaPrMid,Ch13,13,,,,,,4,,,5,,,,36,,,6,,,8,3.5,,7,7,34,,,,,,
2020-01-10,Miskar,Arutz7,13,,,,,,4,,,5,,,,34,,,7,,,6,4,,8,7,32,,,,,,
2020-01-10,Midgam,Walla,13,,,,,,4,,,5,,,,35,,,8,,,6,3.4,,8,8,33,,,,,,
2020-01-10,Maagar,HaYom,15,,,,,,5,,,5,,,,34,,,7,,,4,5,,7,7,30,,,,,,
2020-01-10,Panels,Makor Rishon,14,,,,,,2.9,,,5,,,,35,,,8,,,7,4,,8,8,31,,,,,,
2020-01-13,Midgam,Ch12,13,,,,,9,,,,,,,,34,,,7,,,6,5,,8,7,31,,,,,,
2020-01-14,Direct,Ch7,13,,,,,10,,,,,,,,34,,,8,,,7,2.9,,8,8,32,,,,,,
2020-01-16,Kantar,Ch11,13,,,,,9,,,,,,,,36,,,7,,7,,,2.6,9,8,31,,,,,,
2020-01-16,PaPrMid,Ch13,14,,,,,9,,,,,,,,34,,,8,,7,,,4,6,7,31,,,,,,
2020-01-16,Maagar,Maariv,14,,,,,10,,,,,,,,34,,,8,,9,,,1.2,8,7,30,,,,,,
2020-01-16,Midgam,Ch12,13,,,,,8,,,,,,,,34,,,8,,10,,,2.5,8,7,32,,,,,,
2020-01-23,Kantar,Ch11,13,,,,,9,,,,,,,,35,,,8,,8,,,2.3,8,8,31,,,,,,
2020-01-23,Midgam,Walla,13,,,,,9,,,,,,,,35,,,8,,8,,,2.6,8,7,32,,,,,,
2020-01-24,Panels,Walla,14,,,,,8,,,,,,,,35,,,7,,8,,,3.1,8,8,32,,,,,,
2020-01-29,Direct,HaYom,13,,,,,9,,,,,,,,33,,,7,,7,,,1.6,8,8,35,,,,,,
2020-01-29,Kantar,Ch11,14,,,,,8,,,,,,,,34,,,8,,7,,,1.3,8,8,33,,,,,,
2020-01-29,PaPrMid,Ch13,12,,,,,10,,,,,,,,35,,,8,,7,,,2.5,7,7,34,,,,,,
2020-01-29,Midgam,Ch12,13,,,,,8,,,,,,,,35,,,8,,8,,,2.6,8,7,33,,,,,,
2020-01-30,Maagar,103FM,14,,,,,9,,,,,,,,34,,,7,,9,,,1.8,9,7,31,,,,,,
2020-01-31,Panels,Maariv,13,,,,,7,,,,,,,,36,,,8,,7,,,,8,8,33,,,,,,
2020-02-06,Direct,Ch20,13,,,,,10,,,,,,,,33,,,7,,7,,,1.2,8,8,34,,,,,,
2020-02-06,Midgam,Walla,13,,,,,9,,,,,,,,34,,,8,,8,,,2,8,8,32,,,,,,
2020-02-07,Panels,Maariv,13,,,,,8,,,,,,,,36,,,7,,8,,,3.4,7,8,33,,,,,,
2020-02-07,Maagar,HaYom,13,,,,,8,,,,,,,,36,,,6,,8,,,1.2,8,7,34,,,,,,
2020-02-07,PaPrMid,Ch13,14,,,,,10,,,,,,,,35,,,8,,6,,,1.8,7,7,33,,,,,,
2020-02-12,Panels,Makor Rishon,14,,,,,7,,,,,,,,36,,,7,,7,,,3.1,8,8,33,,,,,,
2020-02-13,Midgam,Ch12,13,,,,,9,,,,,,,,35,,,7,,7,,,2.6,8,8,33,,,,,,
2020-02-14,Smith,Maariv,14,,,,,9,,,,,,,,34,,,7,,7,,,1.7,9,7,33,,,,,,
2020-02-14,Maagar,HaYom,14,,,,,8,,,,,,,,34,,,7,,9,,,1.2,8,8,32,,,,,,
2020-02-16,Panels,103FM,14,,,,,8,,,,,,,,35,,,8,,8,,,3.4,8,8,32,,,,,,
2020-02-17,Midgam,Walla,13,,,,,10,,,,,,,,34,,,7,,7,,,3,8,8,33,,,,,,
2020-02-17,PaPrMid,Ch13,14,,,,,8,,,,,,,,36,,,8,,7,,,2.3,7,7,33,,,,,,
2020-02-19,Midgam,Ch12,13,,,,,9,,,,,,,,35,,,7,,7,,,1.9,8,8,33,,,,,,
2020-02-20,Direct,Ch7,14,,,,,10,,,,,,,,33,,,7,,8,,,1.4,9,8,31,,,,,,
2020-02-21,Panels,Maariv,14,,,,,8,,,,,,,,36,,,8,,7,,,3.1,9,7,32,,,,,,
2020-02-21,Maagar,HaYom,13,,,,,8,,,,,,,,36,,,7,,8,,,1.2,8,7,33,,,,,,
2020-02-23,Kantar,Ch11,14,,,,,9,,,,,,,,34,,,7,,6,,,1.8,8,7,35,,,,,,
2020-02-23,Midgam,Ch12,13,,,,,10,,,,,,,,33,,,7,,7,,,1.8,8,8,34,,,,,,
2020-02-24,PaPrMid,Ch13,14,,,,,10,,,,,,,,32,,,8,,8,,,2.4,8,7,32,,,,,,
2020-02-25,Kantar,Ch11,14,,,,,10,,,,,,,,33,,,7,,7,,,2.3,8,7,34,,,,,,
2020-02-25,Panels,103FM,14,,,,,9,,,,,,,,32,,,8,,8,,,2.4,8,7,34,,,,,,
2020-02-26,Midgam,Walla,13,,,,,9,,,,,,,,34,,,7,,7,,,2,8,8,34,,,,,,
2020-02-27,Direct,?,13,,,,,9,,,,,,,,33,,,6,,7,,,1.2,9,8,35,,,,,,
2020-02-27,Kantar,Ch11,14,,,,,8,,,,,,,,34,,,6,,7,,,1.9,8,8,35,,,,,,
2020-02-27,Maagar,HaYom,14,,,,,9,,,,,,,,33,,,7,,9,,,,8,7,33,,,,,,
2020-02-28,Smith,Maariv,14,,,,,8,,,,,,,,34,,,6,,7,,,,9,7,35,,,,,,
2020-02-28,Panels,JPost,13,,,,,9,,,,,,,,34,,,7,,7,,,2.5,9,7,34,,,,,,
2020-02-28,Midgam,Ch12,14,,,,,9,,,,,,,,33,,,6,,7,,,1.8,8,8,35,,,,,,
2020-02-28,PaPrMid,Ch13,15,,,,,9,,,,,,,,33,,,7,,8,,,2.2,8,7,22,,,,,,
2020-03-02,--,--,15,,,,,7,,,,,,,,33,,,7,,6,,,,9,7,36,,,,,,58
2020-03-12,Midgam,Ch12,15,,,,,6,,,,,,,,33,,,7,,6,,,0.8,9,7,37,,,,,,59
2020-03-17,Direct,--,16,,,,,7,,,,,,,2.1,30,,,6,,6,,,0.4,8,8,39,,,,,,61
2020-03-20,Direct,--,15,,,,,6,,,,,,,0.5,30,,,7,,7,,,0.4,8,7,40,,,,,,62
2020-03-27,Direct,--,15,,,,,8,,,,,,,1.6,,16,15,6,,7,,,0.8,8,7,38,,,,,,60
2020-03-30,Smith,--,16,,,,,9,,,,,,,,,11,15,6,,7,,,,9,7,40,,,,,,63
2020-04-01,Smith,--,16,,,,,6,,,,,,,,,9,20,6,,6,,,,9,7,41,,,,,,63
2020-04-08,Smith,JPost,16,,,,,,,7,,2.6,,,1.1,,9,18,6,,7,,,1.1,8,7,42,,,,,,64
2020-04-12,Direct,--,15,,,,,,,5,,,,,1.1,,14,16,8,,7,,,1.1,9,8,38,,,,,,62
2020-04-13,Midgam,--,15,,,,,,,5,,1.3,,,1.7,,10,19,7,,8,,,2.3,9,7,40,,,,,,64
2020-04-23,Smith,--,16,,,,,,,5,,,,,0.5,,11,17,6,,7,,,0.5,10,7,41,,,,,,65
2020-04-30,Direct,--,15,,,,,,,5,,,,,2.2,,11,16,8,,7,,,1,9,8,41,,,,,,65
2020-06-08,Midgam,N12,15,,,,,,,6,,,,,2.3,,14,12,9,,8,,,,9,7,40,,,,,,64
2020-06-12,Maagar,103FM,15,,,,,,,5,,2,,,0.0,,16,13,7,,6,,,,9,8,41,,,,,,64
2020-06-16,Smith,JPost,16,,,,,,,6,,2.8,,,0.2,,15,10,8,,8,,,,9,7,41,,,,,,65
2020-06-17,Direct,--,16,,,,,,,5,,1.3,,,0.2,,15,11,8,,7,,,,10,7,41,,,,,,65
2020-07-03,Maagar,103FM,15,,,,,,,6,,,,,,,17,10,8,,9,,,,9,8,38,,,,,,64
2020-07-06,Midgam,Ch12,15,,,,,,,7,,2.5,,,0.2,,15,11,8,,11,,,,9,7,37,,,,,,64
2020-07-10,Direct,--,16,,,,,,,6,,2,,,0.7,,17,9,8,,11,,,,10,7,36,,,,,,64
2020-07-10,Panels,Maariv,15,,,,,,,7,,,,,,,16,10,9,,12,,,,9,7,36,,,,,,64
2020-07-12,PaPrMid,Ch13,16,,,,,,,7,,,,,,,19,9,8,,13,,,,7,8,33,,,,,,61
2020-07-15,Panels,103FM,15,,,,,,,7,,,,,,,16,9,9,,14,,,,9,7,34,,,,,,64
2020-07-23,Midgam,Ch12,8,,,,,,,8,,,,,,,18,9,7,,15,,,,8,8,32,,,,,,63
2020-07-23,PaPrMid,Ch13,7,,,,,,,7,,,,,,,19,11,8,,16,,,,6,7,31,,,,,,60
2020-07-29,Panel4All,103FM,16,,,,,,,7,,,,,,,19,10,9,,13,,,,9,7,31,,,,,,60
2020-07-30,Maagar,HaYom,16,,,,,,,5,,,,,,,17,12,8,,12,,,,9,8,33,,,,,,62
2020-08-04,Direct,Srugim,16,,,,,,,5,,,,,,,18,9,8,,12,,,,10,7,35,,,,,,64
2020-08-06,Kantar,Kan,16,,,,,,,6,,,,,,,17,12,7,,15,,,,9,8,30,,,,,,62
2020-08-06,PaPrMid,Ch13,15,,,,,,,7,,,,,,,19,8,8,,19,,,,8,7,29,,,,,,63
2020-08-07,Maagar,JPost,16,,,,,,,5,,,,,,,18,11,8,,12,,,,10,8,32,,,,,,62
2020-08-07,Midgam,Ch12,15,,,,,,,6,,,,,,,18,11,7,,16,,,,8,8,31,,,,,,63
2020-08-10,Geocart,Maariv,14,,,,,,,8,,,,,,,19,13,7,,14,,,,7,9,29,,,,,,59
2020-08-12,Direct,Kipa,15,,,,,,,5,,,,,,,18,10,9,,14,,,,9,8,32,,,,,,63
2020-08-13,Panels,Maariv,15,,,,,,,7,,,,,,,20,9,9,,18,,,,8,7,27,,,,,,60
2020-08-16,Midgam,Ch12,15,,,,,,,6,,,,,,,16,12,8,,18,,,,7,8,30,,,,,,63
2020-08-16,PaPrMid,Ch13,12,,,,,,,6,,,,,,,20,10,7,,19,,,,7,6,33,,,,,,65
2020-08-19,Panels,Maariv,14,,,,,,,5,,,,,,,20,9,9,,19,,,,8,7,29,,,,,,63
2020-08-20,Direct,HaYom,14,,,,,,,6,,,,,,,19,8,9,,16,,,,10,7,31,,,,,,64
2020-08-21,Maagar,103FM,15,,,,,,,5,,,,,,,19,10,8,,15,,,,8,8,32,,,,,,63
2020-08-23,PaPrMid,Ch13,13,,,,,,,6,,,,,,,19,11,8,,18,,,,7,7,31,,,,,,63
2020-08-27,Panels,Maariv,14,,,,,,,7,,,,,,,20,10,9,,17,,,,8,7,28,,,,,,60
2020-09-04,Midgam,Ch12,15,,,,,,,6,,,,,,,15,11,8,,19,,,,8,7,31,,,,,53,65
2020-09-07,PaPrMid,Ch13,13,,,,,,,6,,,,,,,18,11,6,,21,,,,7,7,31,,,,,56,66
2020-09-11,Maagar,HaYom,17,,,,,,,5,,,,,,,13,10,8,,20,,,,9,7,31,,,,,51,67
2020-09-12,Panels,103fm,15,,,,,,,6,,,,,,,16,8,8,,21,,,,9,7,30,,,,,53,67
2020-09-16,PaPrMid,Ch13,12,,,,,,,8,,,,,,,18,8,8,,22,,,,7,7,30,,,,,56,66
2020-09-16,Direct,Arutz,14,,,,,,,6,,,,,,,17,8,9,,20,,,,9,7,30,,,,,54,66
2020-09-23,Midgam,Ch12,15,,,,,,,5,,,,,,,17,9,8,,21,,,,9,7,29,,,,,55,66
2020-10-06,Midgam,Ch12,15,,,,,,,5,,,,,,,18,9,8,,23,,,,9,7,26,,,,,58,65
2020-10-06,Direct,Ice,13,,,,,,,6,,,,,,,18,7,9,,20,,,,9,7,31,,,,,54,67
2020-10-07,Maagar,Ch20,16,,,,,,,6,,,,,,,15,9,7,,21,,,,9,9,28,,,,,52,67
2020-10-08,Panels,Maariv,15,,,,,,,5,,,,,,,16,10,9,,22,,,,9,7,27,,,,,57,65
2020-10-12,Panels,Maariv,14,,,,,,,6,,,,,,,17,9,9,,21,,,,9,7,28,,,,,56,65
2020-10-15,Maagar,103FM,16,,,,,,,6,,,,,,,15,9,7,,21,,,,9,9,28,,,,,52,67
2020-10-18,PaPrMid,Ch13,11,,,,,,,6,,,,,,,21,8,8,,24,,,,8,7,27,,,,,61,66
2020-10-18,Midgam,Ch12,15,,,,,,,6,,,,,,,17,10,7,,22,,,,9,7,27,,,,,56,65
2020-10-22,Panels,Maariv,12,,,,,,,7,,,,,,,18,9,8,,20,,,,9,7,30,,,,,55,66
2020-10-28,Panels,Maariv,12,,,,,,,6,,,,,,,17,10,9,,21,,,,9,8,28,,,,,57,66
2020-10-29,Maagar,103FM,14,,,,,,,6,,,,,,,17,10,8,,20,,,,9,8,28,,,,,55,65
2020-11-01,PaPrMid,Ch13,12,,,,,,,6,,,,,,,20,10,7,,22,,,,7,7,29,,,,,59,65
2020-11-02,Panels,103FM,12,,,,,,,6,,,,,,,19,9,8,,22,,,,8,7,29,,,,,58,66
2020-11-07,Midgam=,Ch12,13,,,,,,,6,,,,,,,17,11,7,,22,,,,8,8,28,,,,,57,66
2020-11-11,Direct,--,13,,,,,,,5,,,,,,,18,9,9,,20,,,,8,8,30,,,,,56,66
2020-11-12,Maagar,103FM,15,,,,,,,5,,,,,,,16,9,8,,21,,,,9,8,29,,,,,54,67
2020-11-13,Panels,Maariv,11,,,,,,,5,,,,,,,17,9,8,,23,,,,9,8,30,,,,,57,70
2020-11-16,Geocartographia,i24,12,,,,,,,6,,,,,,,15,12,5,,25,,,,9,8,28,,,,,57,70
2020-11-17,PaPrMid,Ch13,11,,,,,,,7,,,,,,,20,10,7,,22,,,,8,6,29,,,,,59,65
2020-11-19,Panels,Maariv,11,,,,,,,6,,,,,,,18,10,8,,24,,,,9,7,27,,,,,60,67
2020-11-24,PaPrMid,Ch13,10,,,,,,,6,,,,,,,20,11,8,,23,,,,7,7,27,,,,,62,64
2020-11-24,Kantar,Ch11,9,,,,,,,6,,,,,,,17,11,9,,21,,,,9,7,31,,,,,58,68
2020-11-26,Maagar,103FM,9,,,,,,,5,,,,,,,17,13,7,,22,,,,9,8,30,,,,,59,69
2020-11-27,Panels,Maariv,9,,,,,,,6,,,,,,,19,11,8,,23,,,,8,7,29,,,,,61,67
2020-11-27,Midgam,Ch12,9,,,,,,,6,,,,,,,18,13,8,,20,,,,8,8,30,,,,,59,66
2020-12-02,Panels,103FM,10,,,,,,,5,,,,,,,18,12,8,,23,,,,8,7,29,,,,,61,67
2020-12-02,PaPrMid,Ch13,10,,,,,,,7,,,,,,,19,11,8,,22,,,,7,7,29,,,,,60,65
2020-12-09,Maagar,103FM,11,,,,,,,5,,,,,,,14,6,7,17,19,,,,9,7,25,,,,,63,60
2020-12-09,Midgam,Ch12,11,,,,,,,6,,,,,,,15,6,6,16,18,,,,8,8,26,,,,,61,60
2020-12-09,PaPrMid,Ch13,11,,,,,,,7,,,,,,,16,6,7,15,16,,,,7,7,28,,,,,60,58
2020-12-09,Kantar,Ch11,11,,,,,,,6,,,,,,,15,7,6,18,17,,,,8,7,25,,,,,63,57
2020-12-10,Direct,--,11,,,,,,,4,,,,,,,13,6,8,16,16,,,,10,8,28,,,,,59,62
2020-12-11,Maagar,HaYom,13,,,,,,,6,,,,,,,12,7,6,20,12,,,,9,7,28,,,,,57,56
2020-12-11,Panels,Maariv,12,,,,,,,5,,,,,,,13,7,8,16,16,,,,9,7,27,,,,,60,59
2020-12-15,Midgam,Ch12,15,,,,,,,6,,,,,,,14,6,6,21,13,,,,8,8,27,,,,,60,56
2020-12-16,Panels,103FM,11,,,,,,,5,,,,,,,15,5,7,20,14,,,,8,8,27,,,,,61,57
2020-12-17,Panels,Maariv,11,,,,,,,5,,,,,,,13,7,7,19,13,,,,8,8,29,,,,,59,58
2020-12-20,PaPrMid,Ch13,11,,,,,,,7,,,,,,,16,5,6,19,14,,,,7,7,28,,,,,60,56
2020-12-21,Panels,KnCh,11,,,,,,,5,,,,,,,13,6,7,20,14,,,,8,7,29,,,,,60,58
2020-12-22,Midgam,Ch12,11,,,,,,,5,,,,,,,16,5,7,18,13,,,,8,8,29,,,,,59,58
2020-12-22,Kantar,Ch11,11,,,,,,,6,,,,,,,13,6,6,20,15,,,,8,7,28,,,,,60,58
2020-12-23,Panels,103FM,11,,,,,,,6,,,,,,,15,4,7,22,15,,,,8,7,25,,,,,63,55
2020-12-24,Panels,Maariv,11,,,,,,,7,,,,,,,15,4,7,21,14,,,,8,7,26,,,,,61,55
2020-12-27,Midgam,Ch12,11,,,,,,,5,,,,,,,16,5,7,19,13,,,,8,8,28,,,,,60,57
2020-12-30,Panels,103FM,12,,,,,,,5,,,8,,,,12,4,8,17,13,,,,8,7,26,,,,,62,54
2020-12-30,Kantar,Ch11,11,,,,,,,4,,,8,,,,13,4,5,18,14,,,,8,7,28,,,,,62,57
2020-12-30,PaPrMid,Ch13,10,,,,,,,5,,,9,,,,11,5,6,17,12,,,,8,8,29,,,,,60,57
2020-12-30,Midgam,Ch12,11,,,,,,,5,,,8,,,,13,4,6,17,12,,,,8,8,28,,,,,60,56
2020-12-31,Panels,Maariv,11,,,,,,,5,,,8,,,,14,3.1,7,17,13,,,,8,8,29,,,,,59,58
2021-01-05,Midgam,Ch12,10,,,,,,,5,,,6,,,,13,5,6,18,14,,,,8,8,27,,,3.1,,62,57
2021-01-07,Panels,Maariv,10,,,,,,,5,,,6,,,,14,4,7,18,13,,,,8,7,28,,,3.4,,62,56
2021-01-07,Smith,JPost,11,,,,,,,5,,,4,,,,19,3,6,18,11,,,,8,8,30,,,1.6,,58,57
2021-01-08,PaPrMid,Ch13,10,,,,,,,5,,,5,,,,16,4,6,16,13,,,,7,7,31,,,1.6,,60,58
2021-01-10,Panels,103FM,10,,,,,,,4,,,5,,,,13,4,7,17,14,,,0.8,8,7,27,,,3.2,,60,56
2021-01-12,Midgam,Ch12,10,,,,,,,5,,,6,,,,13,5,7,16,,13,3,0.5,8,8,29,,,2.4,,60,58
2021-01-14,Panels,Maariv,11,,,,,,,6,,,3,,,,14,5,7,17,,12,3.1,2.3,8,8,32,,,2.3,,55,60
2021-01-18,Panels,103FM,10,,,,,,,5,,,4,,,,14,4,7,17,,11,4,3.1,8,6,30,,,2.8,,57,59
2021-01-19,Midgam,Ch12,10,,,,,,,6,,,4,,,,14,5,7,15,,13,2.3,0.6,8,8,30,,,2.9,,58,59
2021-01-21,Panels,Maariv,10,,,,,,,5,,,4,,,,16,4,7,16,,11,2.4,1.7,8,8,31,,,2.5,,58,58
2021-01-24,Fuchs,Ch13,10,,,,,,,5,,4,4,,,,18,4,6,14,,10,3.1,,6,7,32,,,3.4,,60,55
2021-01-25,Panels,103FM,10,,,,,,,5,,2.9,4,,,,16,4,7,14,,11,4,2.2,7,7,31,,,3.1,,56,60
2021-01-26,Midgam,Ch12,10,,,,,,,5,,4,3.2,,,,16,4,7,15,,14,2.6,2.5,8,8,29,,,3.4,,60,59
2021-01-28,Panels,Maariv,10,,,,,,,5,,4,3.1,,,,18,4,7,14,,12,3.4,2.3,8,8,30,,,2.6,,59,58
2021-01-28,Maagar,HaYom,15,,,,,,,6,,5,0.7,,,,15,5,6,13,,11,2.4,0.4,9,7,28,,,5,,55,55
2021-01-31,Midgam,Ch12,9,,,,2.2,,,4,,6,1.4,,,,17,4,7,14,,13,3,,8,8,30,,,,,61,59
2021-02-01,Maagar,Ch20,11,,,,,,,4,,4,1.3,,,,17,4,7,14,,12,0.8,1,8,8,31,,,"2,4",,58,59
2021-02-01,Panels,103FM,10,,,,,,,4,,5,1.9,,,,19,3.4,7,14,,13,2.6,2.6,8,8,32,,,1.9,,58,61
2021-02-02,Fuchs,Ch13,10,,,,,,,5,,8,1.1,,,,16,4,7,16,,10,2.4,2.4,7,8,29,,,3.2,,61,54
2021-02-02,Panels,Walla,10,,,,,,,5,,6,1.1,,,,18,2.3,7,15,,12,2.4,2.6,8,8,31,,,1.0,,58,59
2021-02-03,Panels,103FM,10,,,,,,,5,,6,1.2,,,,17,2.4,8,14,,11,5,,8,7,29,,,2.4,,56,60
2021-02-04,Panels,Maariv,10,,,,1.1,,,5,,6,,,,,16,3,8,16,,11,4,,8,7,29,,,1.3,,57,59
2021-02-05,Midgam,Ch12,9,,,,2,,,4,,6,,,,,17,4,7,14,,11,4,,8,7,29,,,3.4,,59,59
2021-02-05,Fuchs,Ch13,7,,,,4,,,4,,7,,,,,17,4,5,13,,11,5,,7,6,30,,,,,57,59
2021-02-07,Direct,--,7,,,,4,,,3.5,,7,,,,,14,4,9,14,,11,4,,7,7,31,,,1.3,,59,60
2021-02-07,Panels,103FM,8,,,,1.1,,,4,,5,,,,,18,4,7,14,,11,4,,8,7,30,,,1.3,,59,60
2021-02-08,Maagar,Ch20,10,,,,1.6,,,4,,6,,,,,18,5,6,11,,10,4,,8,7,31,,,1.9,,56,60
2021-02-09,Kantar,Ch11,9,,,,2.3,,,3.4,,7,,,,,18,4,6,14,,13,5,,8,7,29,,,2.5,,62,62
2021-02-10,Midgam,Ch12,9,,,,1.1,,,4,,6,,,,,18,4,7,13,,11,5,,8,7,28,,,2.0,,59,59
2021-02-11,Panels,Maariv,8,,,,1.3,,,4,,6,,,,,19,4,7,13,,12,4,,8,7,28,,,1.6,,61,59
2021-02-11,Maagar,HaYom,10,,,,2.2,,,5,,5,,,,,16,5,6,13,,10,5,,9,7,29,,,2.4,,55,60
2021-02-14,Panels,103FM,9,,,,2.4,,,4,,6,,,,,18,2.6,7,14,,13,5,,8,7,29,,,2.6,,58,62
2021-02-15,Fuchs,Ch13,8,,,,4,,,5,,6,,,,,17,4,5,13,,11,5,,7,7,28,,,2.2,,56,58
2021-02-16,Midgam,Ch12,9,,,,2.2,,,4,,6,,,,,18,4,7,13,,10,5,,8,7,29,,,2.3,,58,59
2021-02-18,Panels,Maariv,9,,,,2.5,,,5,,5,,,,,18,3,8,15,,12,5,,8,7,28,,,2.3,,58,60
2021-02-23,Midgam,Ch12,9,,,,2.4,,,4,,6,,,,,18,5,7,13,,11,4,,8,7,28,,,2.4,,60,58
2021-02-23,Panels,103FM,9,,,,2.4,,,4,,6,,,,,18,4,7,13,,12,4,,8,7,28,,,1.6,,60,59
2021-02-23,Kantar,Ch11,9,,,,,,,4,,6,,,,,18,4,7,13,,11,4,,8,7,29,,,2.6,,59,59
2021-02-25,Fuchs,Ch13,8,,,,4,,,5,,6,,,,,18,4,6,13,,11,4,,7,7,27,,,2.0,,58,56
2021-02-25,Panels,Maariv,9,,,,2.6,,,4,,5,,,,,17,5,7,14,,11,4,,8,7,29,,,1.9,,59,59
2021-02-28,Panels,103FM,9,,,,2.8,,,4,,6,,,,,19,4,7,13,,11,4,,8,7,28,,,2.3,,60,58
2021-03-02,Midgam,Ch12,9,,,,3.4,,,3,,7,,,,,19,5,7,14,,12,5,,8,6,28,,,2.2,,64,59
2021-03-02,Maagar,Ch20,10,,,,2.5,,,4,,5,,,,,18,5,7,13,,10,4,,8,7,29,,,0.6,,58,58
2021-03-02,Fuchs,Ch13,8,,,,4,,,4,,6,,,,,19,4,7,11,,11,5,,7,7,27,,,2.5,,58,57
2021-03-03,Direct,--,8,,,,3.5,,,2.5,,6,,,,,18,6,9,11,,13,5,,8,7,29,,,2.3,,63,62
2021-03-04,Kantar,Ch11,8,,,,4,,,3.6,,6,,,,,20,5,7,12,,11,4,,7,7,29,,,2.0,,61,58
2021-03-04,Maagar,HaYom,10,,,,4,,,4,,4,,,,,17,5,7,11,,10,4,,8,7,29,,,2.0,,54,58
2021-03-04,Panels,Maariv,8,,,,2.9,,,4,,5,,,,,20,4,9,12,,12,4,,8,7,27,,,1.4,,62,58
2021-03-04,Midgam,Ch12,9,,,,3.6,,,3.6,,7,,,,,20,5,7,12,,12,4,,8,7,29,,,2.3,,63,60
2021-03-08,Panels,103FM,8,,,,2.9,,,4,,6,,,,,20,5,8,11,,12,4,,8,6,28,,,1.4,,62,58
2021-03-09,Fuchs,Ch13,8,,,,4,,,4,,6,,,,,20,4,7,9,,11,5,,6,7,29,,,2.0,,57,58
2021-03-10,Midgam,Ch12,9,,,,3.7,,,4,,6,,,,,19,4,7,11,,13,4,,8,7,28,,,2.5,,60,60
2021-03-11,Kantar,Ch11,8,,,,4,,,3.4,,6,,,,,19,5,7,11,,12,4,,8,7,29,,,1.9,,60,60
2021-03-11,Panels,JPost,8,,,,4,,,4,,5,,,,,20,4,8,10,,11,4,,8,7,27,,,1.3,,58,57
2021-03-11,Maagar,HaYom,9,,,,2,,,4,,6,,,,,18,5,7,10,,11,5,,8,7,30,,,2.6,,57,61
2021-03-14,Fuchs,Ch13,8,,,,4,,,4,,6,,,,,20,4,7,9,,11,6,,6,7,28,,,2.5,,57,58
2021-03-15,Panels,103FM,8,,,,4,,,4,,5,,,,,20,4,7,10,,11,5,,7,7,28,,,1.8,,57,58
2021-03-16,Midgam,Ch12,8,,,,4,,,4,,6,,,,,18,4,7,10,,10,4,,8,7,30,,,1.7,,55,59
2021-03-18,Maagar,Ch12,10,,,,2,,,5,,5,,,,,18,4,8,10,,10,5,,9,7,29,,,1.3,,55,60
2021-03-17,Smith,Mako,8,,,,4,,,4,,5,,,,,19,4,7,9,,9,5,,8,7,31,,,1.9,,53,60
2021-03-18,Kantar,Ch11,8,,,,4,,,4,,5,,,,,19,4,7,9,,9,5,,8,7,31,,,1.7,,53,60
2021-03-18,Direct,--,7,,,,4,,,4,,4,,,,,17,7,9,7,,8,5,,9,7,32,,,1.6,,52,61
2021-03-18,Panels,Maariv,8,,,,4,,,4,,5,,,,,19,5,8,8,,10,5,,8,6,30,,,,,55,59
2021-03-19,Midgam,Ch12,8,,,,4,,,4,,6,,,,,18,4,7,9,,9,4,,8,7,32,,,1.6,,53,60
2021-03-19,Fuchs,Ch13,8,,,,4,,,4,,6,,,,,18,4,6,10,,10,5,,8,7,30,,,2.5,,54,60
2021-03-23,--,--,6,,,,4,,,6,,7,,,,,17,8,7,6,,7,6,,9,7,30,,,0.9,,52,59
2021-04-05,Panels,103FM,5,,,,4,,,5,,7,,,,,21,7,6,5,,10,5,,9,7,29,,,,,65,60
2021-04-22,Midgam,Ch12,6,,,,4,,,5,,8,,,,,19,7,7,5,,7,6,,9,7,30,,,,,62,59
2021-04-22,Maagar,103FM,6,,,,5,,,5,,7,,,,,20,7,5,4,,9,6,,8,8,30,,,,,62,61
2021-05-04,Fuchs,Ch13,6,,,,4,,,5,,7,,,,,21,8,5,6,,11,5,,7,7,28,,,,,67,58
2021-05-13,Direct,--,6,,,,5,,,4,,7,,,,,19,6,7,5,,4,8,,9,7,33,,,,,57,61
2021-05-23,Midgam,Ch13,8,,,,0,,,4,,7,,,,,22,11,5,5,,8,8,,7,6,29,,,,,62,58
2021-05-23,N12,--,6,,,,4,,,4,,6,,,,,21,10,6,6,,5,7,,9,7,30,,,,,62,58
2021-06-10,Maagar,Ch20,5,,,,4,,,6,,7,,,,,23,6,6,4,,4,9,,9,7,30,,,,,60,55
2021-06-13,Smith,Kikar,6,,,,5,,,4,,6,,,,,23,7,5,5,,5,7,,9,7,31,,,,,60,54
2021-06-13,Fuchs,Ch13,6,,,,5,,,4,,7,,,,,23,10,5,5,,7,8,,7,6,27,,,,,66,48
2021-06-22,Maagar,Ch20,6,,,,5,,,5,,7,,,,,22,7,6,4,,6,7,,9,7,29,,,,,62,52
2021-07-12,Midgam,Ch12,6,,,,4,,,4,,8,,,,,19,8,7,5,,8,5,,9,7,30,,,,,63,51
2021-07-15,Maagar,HaYom,6,,,,6,,,6,,7,,,,,21,7,6,3,,9,7,,9,7,29,,,,,62,52
2021-08-12,Maagar,HaYom,6,,,,5,,,6,,6,,,,,18,10,7,3,,8,7,,8,7,32,,,,,60,54
2021-08-18,Maagar,Ch20,5,,,,5,,,6,,7,,,,,18,11,7,2.4,,7,7,,8,7,32,,,,,61,54
2021-08-20,Midgam,Ch12,6,,,,4,,,4,,8,,,,,20,8,6,4,,6,6,,9,7,32,,,,,60,54
2021-09-01,Smith,Galei,6,,,,5,,,6,,6,,,,,18,10,7,3,,6,7,,9,7,33,,,,,58,56
2021-09-12,Smith,--,6,,,,5,,,5,,7,,,,,22,8,7,2.2,,5,8,,8,7,33,,,,,59,56
2021-10-03,Direct,Arutz,8,,,,4,,,4,,8,,,,,19,8,6,2.2,,4,7,,9,7,35,,,,,53,58
2021-10-04,Fuchs,Ch13,7,,,,4,,,4,,6,,,,,22,7,5,4,,7,7,,6,7,34,,,,,59,54
2021-10-06,Smith,Galei,7,,,,6,,,6,,7,,,,,21,8,6,2.5,,5,7,,8,7,33,,,,,59,55
2021-10-12,Midgam,Had12,6,,,,4,,,5,,7,,,,,18,8,5,4,,7,6,,9,7,34,,,,,58,56
2021-10-31,Direct,--,7,,,,5,,,4,,7,,,,,20,7,7,4,,3.5,7,,9,8,35,,,,,54,59
2021-11-01,Fuchs,Ch13,8,,,,4,,,5,,10,,,,,20,7,4,3.1,,6,6,,7,7,36,,,,,56,56
2021-11-01,Smith,Galei,7,,,,5,,,6,,7,,,,,20,8,6,3.5,,6,7,,8,7,34,,,,,58,56
2021-11-22,Maagar,Ch14,7,,,,5,,,5,,8,,,,,18,9,6,1.6,,6,7,,8,8,33,,,,,57,56
2021-11-28,Direct,Ch14,7,,,,6,,,4,,7,,,,,19,8,7,2.9,,4,7,,9,7,35,,,,,55,58
2021-12-02,Smith,Galei,7,,,,5,,,4,,7,,,,,21,7,7,,,5,7,,9,7,34,,,,,56,57
2021-12-05,Midgam,Had12,6,,,,5,,,5,,7,,,,,19,9,6,2.9,,6,7,,9,7,34,,,,,57,57
2021-12-15,Panels,103FM,7,,,,5,,,5,,7,,,,,19,9,6,3.5,,6,8,,8,7,33,,,,,57,56
2021-12-21,Fuchs,Ch13,5,,,,5,,,4,,6,,,,,19,8,5,4,,9,7,,8,7,33,,,,,60,55
2022-01-06,Smith,Galei,6,,,,5,,,5,,7,,,,,20,8,7,,,6,8,,8,7,33,,,,,58,56
2022-01-06,Direct,Ch14,7,,,,6,,,4,,7,,,,,19,8,7,3.5,,4,7,,9,7,35,,,,,55,58
2022-01-10,Maagar,Srugim,5,,,,4,,,5,,8,,,,,18,11,6,2.4,,6,8,,9,7,33,,,,,58,57
2022-01-18,Maagar,--,7,,,,4,,,4,,8,,,,,18,9,6,,,5,8,,9,7,34,,,,,54,58
2022-02-13,Direct,--,7,,,,5,,,5,,7,,,,,17,9,6,3.5,,4,8,,9,7,36,,,,,53,60
2022-03-15,Midgam,Had12,6,,,,5,,,4,,7,,,,,17,7,6,4,,7,7,,9,7,34,,,,,57,57
2022-03-22,Maagar,HaYom,6,,,,4,,,4,,8,,,,,17,10,5,3,,6,9,,8,8,34,,,,,54,59
2022-03-28,Midgam,Had12,6,,,,4,,,4,,6,,,,,18,8,5,4,,6,8,,9,7,34,,,,,55,58
2022-04-06,Kantar,Ch11,6,,,,5,,,5,,5,,,,,19,8,4,5,,6,8,,8,7,35,,,,,57,58
2022-04-06,Midgam,Had12,6,,,,5,,,5,,7,,,,,17,8,5,4,,5,7,,9,7,35,,,,,56,58
2022-04-06,Ch13,Ch13,6,,,,5,,,5,,6,,,,,17,9,6,3.5,,7,8,,7,7,38,,,,,55,60
2022-04-06,Direct,Ch14,7,,,,5,,,5,,7,,,,,20,8,6,3,,3.5,9,,10,8,35,,,,,51,62
2022-04-07,Panels,Maariv,6,,,,4,,,5,,6,,,,,18,7,5,4,,5,9,,7,7,37,,,,,54,60
2022-05-03,Smith,Galei,6,,,,5,,,5,,7,,,,,20,7,6,3,,5,8,,8,7,36,,,,,55,59
2022-05-09,Fuchs,Ch13,8,,,,3,,,5,,6,,,,,18,7,5,4,,8,9,,7,7,36,,,,,53,59
2022-05-21,Panels,103FM,7,,,,4,,,3,,8,,,,,18,8,5,4,,6,9,,8,7,36,,,,,53,60
2022-05-25,Panels,JPost,7,,,,4,,,3.1,,7,,,,,20,8,5,4,,6,9,,8,7,35,,,,,54,59
2022-06-07,Kantar,Ch11,6,,,,4,,,4,,7,,,,,20,8,5,3.4,,6,10,,8,7,35,,,,,54,60